Term,TF,IDF,TF-IDF
абдулл,0.000666,1.522879,0.001015
абдулрашид,0.000666,2.0,0.001332
австрия,0.000666,0.60206,0.000401
авторитетный,0.001332,0.744727,0.000992
авторство,0.000666,0.040959,2.7e-05
аделайна,0.000666,2.0,0.001332
азербайджан,0.000666,0.769551,0.000513
акгюля,0.000666,2.0,0.001332
акробатический,0.000666,2.0,0.001332
активный,0.000666,0.60206,0.000401
александр,0.001332,0.443697,0.000591
али,0.000666,0.769551,0.000513
алиев,0.000666,1.30103,0.000867
алфавитувольный,0.000666,2.0,0.001332
алыш,0.000666,2.0,0.001332
альберт,0.000666,1.09691,0.000731
американец,0.001332,0.79588,0.00106
американский,0.001332,0.337242,0.000449
англ,0.001999,0.200659,0.000401
андий,0.000666,1.522879,0.001015
анкара,0.000666,1.221849,0.000814
анрио,0.000666,2.0,0.001332
антверпен,0.000666,1.69897,0.001132
апрель,0.000666,0.136677,9.1e-05
арабский,0.000666,0.638272,0.000425
арена,0.000666,0.920819,0.000613
армения,0.000666,0.79588,0.00053
арсен,0.001332,1.69897,0.002264
архивировать,0.001999,0.124939,0.00025
ассоциированный,0.000666,1.39794,0.000931
атланта,0.000666,2.0,0.001332
атлет,0.001332,1.69897,0.002264
атлетика,0.001332,1.09691,0.001462
атоксил,0.000666,2.0,0.001332
афины,0.001332,1.30103,0.001734
африканский,0.000666,1.09691,0.000731
базовый,0.000666,0.886057,0.00059
баку,0.000666,1.30103,0.000867
балл,0.000666,1.39794,0.000931
барроуз,0.000666,2.0,0.001332
баскетбол,0.000666,1.30103,0.000867
батир,0.000666,2.0,0.001332
баумгартнёр,0.000666,2.0,0.001332
бег,0.000666,1.39794,0.000931
бедро,0.000666,2.0,0.001332
без,0.000666,0.920819,0.000613
белград,0.001332,1.045757,0.001393
белоглазов,0.000666,1.69897,0.001132
белоруссия,0.000666,0.769551,0.000513
березный,0.000666,2.0,0.001332
берлин,0.001332,0.823909,0.001098
богемия,0.000666,1.69897,0.001132
бодибилдинг,0.000666,2.0,0.001332
больница,0.000666,1.30103,0.000867
больший,0.002665,0.167491,0.000446
бора,0.000666,1.522879,0.001015
борец,0.007328,1.30103,0.009535
борцовский,0.001999,2.0,0.003997
борьба,0.035976,0.420216,0.015118
борьбаскрыть,0.000666,2.0,0.001332
ботокуда,0.000666,2.0,0.001332
бревно,0.000666,2.0,0.001332
бреслау,0.000666,2.0,0.001332
британский,0.000666,0.356547,0.000238
бронза,0.000666,1.69897,0.001132
бросок,0.000666,2.0,0.001332
брус,0.000666,1.69897,0.001132
брюс,0.000666,0.958607,0.000639
бувайсар,0.000666,2.0,0.001332
будапешт,0.00533,1.39794,0.007451
буден,0.000666,1.69897,0.001132
бузкаша,0.000666,2.0,0.001332
буковин,0.000666,2.0,0.001332
бухарест,0.000666,1.221849,0.000814
вавилов,0.000666,1.69897,0.001132
валентин,0.000666,1.30103,0.000867
вариант,0.000666,0.537602,0.000358
варна,0.001332,1.30103,0.001734
вегаснуть,0.000666,1.69897,0.001132
великобритания,0.000666,0.408935,0.000272
великое,0.000666,1.0,0.000666
вена,0.002665,1.0,0.002665
венгрия,0.001332,0.619789,0.000826
вероятный,0.000666,1.154902,0.000769
версия,0.003331,0.022276,7.4e-05
верхом,0.000666,1.30103,0.000867
вес,0.000666,0.920819,0.000613
весовой,0.003331,1.69897,0.005659
весь,0.001332,0.229148,0.000305
весьма,0.000666,0.823909,0.000549
вид,0.00533,0.283997,0.001514
визитный,0.000666,1.522879,0.001015
визуальный,0.000666,1.0,0.000666
вийёрбан,0.000666,2.0,0.001332
викидать,0.000666,0.036212,2.4e-05
викимедиа,0.000666,0.040959,2.7e-05
википедия,0.003331,0.031517,0.000105
викисклад,0.001999,0.124939,0.00025
включить,0.001999,0.537602,0.001074
владимир,0.000666,0.508638,0.000339
внеочередной,0.000666,1.522879,0.001015
вода,0.001332,0.638272,0.00085
возле,0.000666,0.920819,0.000613
вольный,0.01932,1.221849,0.023607
вороток,0.000666,2.0,0.001332
восточноазиатский,0.000666,2.0,0.001332
впервые,0.001999,0.337242,0.000674
вперёд,0.000666,1.0,0.000666
время,0.001999,0.065502,0.000131
вроцлав,0.000666,2.0,0.001332
вряд,0.000666,1.30103,0.000867
всё,0.000666,0.180456,0.00012
входить,0.000666,0.431798,0.000288
выбывание,0.000666,2.0,0.001332
выдающийся,0.000666,0.958607,0.000639
выиграть,0.000666,0.886057,0.00059
выносливость,0.001999,1.69897,0.003396
выполнение,0.000666,0.744727,0.000496
гацалов,0.000666,2.0,0.001332
германия,0.000666,0.443697,0.000296
германский,0.000666,0.79588,0.00053
гибкость,0.001332,1.30103,0.001734
гимнастический,0.000666,2.0,0.001332
главный,0.001332,0.318759,0.000425
глаз,0.001332,0.886057,0.001181
глима,0.000666,2.0,0.001332
год,0.020653,0.008774,0.000181
грей,0.000666,1.30103,0.000867
грек,0.000666,1.09691,0.000731
грэпплинг,0.000666,2.0,0.001332
грязь,0.000666,1.69897,0.001132
грёкий,0.004664,1.154902,0.005386
гуанчжоу,0.000666,2.0,0.001332
гуреш,0.000666,2.0,0.001332
гуштингиря,0.000666,2.0,0.001332
гюлёша,0.000666,2.0,0.001332
гётеборг,0.000666,2.0,0.001332
давид,0.000666,1.0,0.000666
дагыстанл,0.000666,2.0,0.001332
дальнейший,0.000666,0.69897,0.000466
дания,0.000666,0.958607,0.000639
дата,0.001999,0.055517,0.000111
два,0.001999,0.207608,0.000415
двукратный,0.000666,1.0,0.000666
дебют,0.000666,2.0,0.001332
действие,0.002665,0.283997,0.000757
действовать,0.000666,0.022276,1.5e-05
декабрь,0.001999,0.107905,0.000216
делегат,0.000666,1.221849,0.000814
дели,0.000666,1.045757,0.000697
дель,0.001332,1.30103,0.001734
держать,0.000666,1.0,0.000666
джон,0.000666,0.60206,0.000401
джордан,0.000666,1.522879,0.001015
джордж,0.000666,0.721246,0.000481
дзюдо,0.001332,1.522879,0.002029
диего,0.001332,1.39794,0.001863
дистанция,0.000666,1.0,0.000666
длинный,0.000666,0.853872,0.000569
для,0.000666,0.275724,0.000184
добавить,0.000666,0.585027,0.00039
доля,0.000666,0.823909,0.000549
дополнительный,0.000666,0.036212,2.4e-05
достаться,0.000666,1.39794,0.000931
достоинство,0.000666,0.958607,0.000639
доступный,0.000666,0.022276,1.5e-05
другой,0.004664,0.004365,2e-05
дуга,0.000666,1.69897,0.001132
дыхательный,0.000666,2.0,0.001332
дюссельдорф,0.000666,1.522879,0.001015
евле,0.000666,2.0,0.001332
европа,0.001999,0.366532,0.000733
европеец,0.000666,0.886057,0.00059
единоборство,0.001999,1.522879,0.003044
ещё,0.000666,0.017729,1.2e-05
жгут,0.001332,2.0,0.002665
женский,0.002665,1.0,0.002665
женщина,0.000666,0.522879,0.000348
женщинывольный,0.000666,2.0,0.001332
жим,0.000666,2.0,0.001332
журнал,0.000666,0.481486,0.000321
завоевать,0.000666,1.0,0.000666
заглавный,0.000666,0.022276,1.5e-05
заключаться,0.000666,0.744727,0.000496
зал,0.000666,1.045757,0.000697
занимать,0.000666,0.508638,0.000339
заниматься,0.000666,0.619789,0.000413
занять,0.000666,0.619789,0.000413
записьвойти,0.000666,0.031517,2.1e-05
зарегистрировать,0.000666,0.031517,2.1e-05
затем,0.001332,0.346787,0.000462
захват,0.004664,0.769551,0.003589
зачёт,0.000666,1.522879,0.001015
защита,0.000666,0.552842,0.000368
заявить,0.000666,0.552842,0.000368
заявление,0.000666,0.022276,1.5e-05
заявлять,0.000666,0.823909,0.000549
зеркальный,0.000666,2.0,0.001332
знак,0.000666,0.022276,1.5e-05
знакомый,0.000666,1.221849,0.000814
значительно,0.001332,0.356547,0.000475
золото,0.000666,0.886057,0.00059
зрение,0.000666,0.568636,0.000379
иван,0.000666,0.721246,0.000481
иваницкий,0.000666,1.522879,0.001015
игра,0.007995,0.346787,0.002772
играть,0.000666,0.657577,0.000438
избежание,0.000666,1.045757,0.000697
известно,0.000666,0.657577,0.000438
изогнутый,0.000666,1.69897,0.001132
иль,0.000666,2.0,0.001332
именно,0.000666,0.408935,0.000272
именовать,0.000666,1.154902,0.000769
иметь,0.000666,0.113509,7.6e-05
империя,0.001999,0.455932,0.000911
имя,0.000666,0.004365,3e-06
индивидуальный,0.000666,1.045757,0.000697
инструмент,0.001332,0.026872,3.6e-05
интернет,0.000666,0.508638,0.000339
исключение,0.000666,0.537602,0.000358
использование,0.001332,0.008774,1.2e-05
использовать,0.000666,0.167491,0.000112
использоваться,0.000666,0.420216,0.00028
исторический,0.000666,0.431798,0.000288
история,0.001332,0.080922,0.000108
источник,0.002665,0.017729,4.7e-05
источниковстатья,0.000666,2.0,0.001332
италия,0.000666,0.508638,0.000339
итог,0.000666,0.468521,0.000312
июнь,0.000666,0.161151,0.000107
йокогама,0.001332,2.0,0.002665
йордан,0.000666,1.69897,0.001132
йорк,0.001332,0.657577,0.000876
кавай,0.000666,2.0,0.001332
кавказский,0.000666,1.045757,0.000697
каждый,0.001999,0.366532,0.000733
казахстан,0.000666,0.638272,0.000425
какой,0.000666,0.420216,0.00028
карлсруэ,0.000666,1.522879,0.001015
карточка,0.000666,1.221849,0.000814
касаться,0.000666,0.769551,0.000513
категория,0.015323,0.036212,0.000555
катовице,0.001332,2.0,0.002665
киев,0.001999,0.853872,0.001707
ким,0.000666,1.0,0.000666
классический,0.000666,0.823909,0.000549
клермона,0.001999,2.0,0.003997
княжество,0.000666,0.823909,0.000549
ковёр,0.000666,1.39794,0.000931
код,0.004664,0.040959,0.000191
кодекс,0.000666,0.026872,1.8e-05
кодистория,0.000666,0.070581,4.7e-05
кодэлемент,0.000666,0.036212,2.4e-05
кок,0.000666,2.0,0.001332
кокпара,0.000666,2.0,0.001332
коленный,0.000666,2.0,0.001332
колено,0.000666,1.522879,0.001015
колесо,0.000666,1.522879,0.001015
количество,0.000666,0.366532,0.000244
колледж,0.000666,0.958607,0.000639
команда,0.000666,0.508638,0.000339
командный,0.001332,1.0,0.001332
комитет,0.001332,0.522879,0.000697
конгресс,0.001332,0.657577,0.000876
контакт,0.000666,1.045757,0.000697
конфиденциальность,0.000666,0.022276,1.5e-05
конь,0.000666,1.30103,0.000867
короткий,0.000666,0.026872,1.8e-05
который,0.003997,0.017729,7.1e-05
кох,0.000666,1.69897,0.001132
красноярск,0.000666,1.522879,0.001015
кратный,0.017322,1.09691,0.019
крепкий,0.000666,1.154902,0.000769
кретея,0.000666,2.0,0.001332
кристин,0.000666,1.39794,0.000931
кровеносный,0.000666,2.0,0.001332
кувырок,0.000666,2.0,0.001332
кук,0.000666,0.031517,2.1e-05
кукла,0.000666,1.522879,0.001015
кульботн,0.000666,2.0,0.001332
культивироваться,0.000666,1.69897,0.001132
курес,0.000666,2.0,0.001332
куреш,0.000666,2.0,0.001332
кустаа,0.000666,2.0,0.001332
кэтч,0.001999,2.0,0.003997
ланкашир,0.000666,1.69897,0.001132
ласа,0.000666,1.39794,0.000931
леван,0.000666,2.0,0.001332
легко,0.000666,0.886057,0.00059
лери,0.000666,2.0,0.001332
летний,0.003331,0.69897,0.002328
либо,0.001332,0.39794,0.00053
либр,0.000666,2.0,0.001332
лидзантай,0.000666,2.0,0.001332
лимфосистема,0.000666,2.0,0.001332
лицензия,0.000666,0.036212,2.4e-05
лоб,0.001999,1.522879,0.003044
лозанна,0.001332,1.69897,0.002264
локализация,0.000666,1.154902,0.000769
лопатка,0.000666,2.0,0.001332
луис,0.000666,1.30103,0.000867
лулео,0.000666,2.0,0.001332
луч,0.000666,1.39794,0.000931
львиный,0.000666,2.0,0.001332
льный,0.000666,2.0,0.001332
любительский,0.001999,1.39794,0.002794
любой,0.000666,0.408935,0.000272
лёжа,0.000666,2.0,0.001332
лёренскуга,0.000666,2.0,0.001332
мавлёт,0.000666,2.0,0.001332
май,0.000666,0.161151,0.000107
майн,0.000666,1.30103,0.000867
манекен,0.000666,2.0,0.001332
манчестер,0.000666,1.522879,0.001015
мара,0.001332,1.39794,0.001863
мартинья,0.001999,2.0,0.003997
мас,0.000666,1.69897,0.001132
масляный,0.000666,1.522879,0.001015
материал,0.000666,0.013228,9e-06
махарбек,0.000666,2.0,0.001332
медаль,0.001332,1.0,0.001332
медведь,0.000666,1.30103,0.000867
медиафайл,0.001332,0.236572,0.000315
международный,0.006662,0.283997,0.001892
мекокишвили,0.000666,2.0,0.001332
менерт,0.000666,2.0,0.001332
место,0.001332,0.167491,0.000223
мехико,0.001332,1.39794,0.001863
мешок,0.000666,1.39794,0.000931
минск,0.001999,1.09691,0.002192
мир,0.022652,0.124939,0.00283
многократный,0.000666,1.30103,0.000867
мобильный,0.000666,0.026872,1.8e-05
мовахед,0.000666,2.0,0.001332
мокнуть,0.000666,1.522879,0.001015
москва,0.001999,0.30103,0.000602
мост,0.000666,0.568636,0.000379
мочь,0.000666,0.008774,6e-06
мужской,0.000666,1.09691,0.000731
мустафа,0.000666,1.221849,0.000814
мы,0.000666,0.022276,1.5e-05
набор,0.000666,1.0,0.000666
набрать,0.000666,1.09691,0.000731
навигация,0.001999,0.031517,6.3e-05
назад,0.000666,0.677781,0.000452
название,0.000666,0.259637,0.000173
назвать,0.000666,0.387216,0.000258
называться,0.000666,0.443697,0.000296
наиболее,0.000666,0.408935,0.000272
наколенник,0.000666,2.0,0.001332
направление,0.000666,0.568636,0.000379
настоящий,0.000666,0.431798,0.000288
наушник,0.000666,2.0,0.001332
начало,0.001332,0.148742,0.000198
неаполь,0.000666,2.0,0.001332
независимый,0.000666,0.39794,0.000265
незаменимый,0.000666,1.69897,0.001132
незнакомый,0.000666,2.0,0.001332
некоммерческий,0.000666,0.040959,2.7e-05
немой,0.000666,0.69897,0.000466
неопр,0.001999,0.130768,0.000261
непосредственно,0.000666,0.455932,0.000304
непрерывный,0.000666,1.221849,0.000814
нередко,0.000666,0.769551,0.000513
нжом,0.000666,2.0,0.001332
никто,0.000666,1.0,0.000666
новый,0.000666,0.075721,5e-05
нога,0.004664,1.30103,0.006067
нордхаген,0.000666,2.0,0.001332
нур,0.000666,1.522879,0.001015
нью,0.001999,0.638272,0.001276
обар,0.000666,2.0,0.001332
обилие,0.001332,1.69897,0.002264
обоюдный,0.000666,1.522879,0.001015
образ,0.001332,0.327902,0.000437
образовать,0.000666,0.468521,0.000312
обращение,0.001999,0.091515,0.000183
обусловить,0.000666,0.79588,0.00053
общий,0.000666,0.283997,0.000189
объединить,0.003331,0.481486,0.001604
ограничиваться,0.000666,1.045757,0.000697
одежда,0.000666,0.823909,0.000549
одеждегендерный,0.000666,2.0,0.001332
одеждойбез,0.000666,2.0,0.001332
один,0.002665,0.130768,0.000348
оказаться,0.000666,0.522879,0.000348
октябрь,0.001999,0.167491,0.000335
олимпиада,0.001332,1.09691,0.001462
олимпийский,0.023318,0.69897,0.016298
описание,0.000666,0.031517,2.1e-05
определённый,0.001332,0.508638,0.000678
опытный,0.001332,0.408935,0.000545
организация,0.000666,0.017729,1.2e-05
организовать,0.000666,0.537602,0.000358
оригинал,0.000666,0.267606,0.000178
осло,0.001332,1.39794,0.001863
основываться,0.000666,1.045757,0.000697
особенно,0.000666,0.60206,0.000401
особый,0.000666,0.468521,0.000312
ответственность,0.000666,0.017729,1.2e-05
отдать,0.000666,0.958607,0.000639
отдельный,0.001332,0.026872,3.6e-05
отжимание,0.000666,2.0,0.001332
отказ,0.000666,0.013228,9e-06
открываться,0.000666,1.522879,0.001015
отличать,0.000666,1.69897,0.001132
отличаться,0.001999,0.30103,0.000602
отличие,0.000666,0.60206,0.000401
отличимый,0.000666,2.0,0.001332
отрабатывать,0.001332,2.0,0.002665
отрабатываться,0.000666,2.0,0.001332
отредактировать,0.000666,0.040959,2.7e-05
отрыв,0.000666,1.69897,0.001132
оттачиваться,0.000666,2.0,0.001332
отягощение,0.001332,2.0,0.002665
официально,0.001332,0.468521,0.000624
ошибкекак,0.000666,0.031517,2.1e-05
падение,0.000666,0.79588,0.00053
панкратион,0.000666,2.0,0.001332
париж,0.001332,0.677781,0.000903
партер,0.001332,2.0,0.002665
партнёр,0.000666,0.853872,0.000569
патры,0.000666,2.0,0.001332
пауэрлифтинг,0.000666,2.0,0.001332
пахлавани,0.000666,2.0,0.001332
первый,0.002665,0.070581,0.000188
переворот,0.000666,0.585027,0.00039
перейти,0.001332,0.022276,3e-05
перекладина,0.000666,2.0,0.001332
период,0.000666,0.337242,0.000225
персональный,0.000666,0.022276,1.5e-05
печать,0.001332,0.022276,3e-05
пихлаямяк,0.000666,2.0,0.001332
плата,0.001332,0.886057,0.001181
плечо,0.000666,1.39794,0.000931
пляжный,0.000666,2.0,0.001332
победа,0.000666,0.468521,0.000312
победить,0.000666,0.69897,0.000466
побить,0.000666,1.522879,0.001015
поведение,0.000666,0.013228,9e-06
повторение,0.000666,1.09691,0.000731
подбородок,0.000666,2.0,0.001332
подвижный,0.000666,1.39794,0.000931
подворот,0.000666,2.0,0.001332
подробный,0.000666,0.036212,2.4e-05
подсечка,0.001332,2.0,0.002665
подъём,0.000666,1.09691,0.000731
поединок,0.001999,1.39794,0.002794
поздний,0.000666,0.275724,0.000184
познань,0.000666,1.69897,0.001132
поиск,0.001332,0.017729,2.4e-05
пока,0.001332,0.318759,0.000425
пол,0.000666,0.79588,0.00053
политика,0.000666,0.004365,3e-06
положение,0.000666,0.455932,0.000304
положить,0.000666,0.769551,0.000513
получить,0.000666,0.161151,0.000107
польша,0.000666,0.657577,0.000438
помощь,0.000666,0.29243,0.000195
популярный,0.000666,0.568636,0.000379
посвятить,0.000666,0.552842,0.000368
поскольку,0.000666,0.455932,0.000304
последний,0.000666,0.013228,9e-06
постоянно,0.000666,0.823909,0.000549
потенциальный,0.000666,0.920819,0.000613
поэтому,0.002665,0.408935,0.00109
появиться,0.001332,0.356547,0.000475
пояс,0.001999,0.677781,0.001355
правило,0.003331,0.337242,0.001123
править,0.01066,0.026872,0.000286
правка,0.001332,0.244125,0.000325
правкиновое,0.000666,0.031517,2.1e-05
правкислужебный,0.000666,0.036212,2.4e-05
право,0.000666,0.221849,0.000148
прага,0.000666,1.221849,0.000814
прародина,0.000666,2.0,0.001332
предмет,0.001332,0.585027,0.00078
предпочтение,0.000666,1.30103,0.000867
представиться,0.000666,0.031517,2.1e-05
представлять,0.000666,0.309804,0.000206
признание,0.000666,0.522879,0.000348
применение,0.000666,0.537602,0.000358
пример,0.001999,0.552842,0.001105
примечание,0.001332,0.065502,8.7e-05
принять,0.001332,0.221849,0.000296
приседание,0.000666,2.0,0.001332
присутствовать,0.000666,0.823909,0.000549
приурочить,0.000666,1.522879,0.001015
причём,0.000666,0.585027,0.00039
приём,0.002665,0.79588,0.002121
проверить,0.001332,0.337242,0.000449
проверка,0.001332,0.318759,0.000425
проверяться,0.001332,0.455932,0.000608
провести,0.000666,0.346787,0.000231
проводить,0.000666,0.69897,0.000466
проводиться,0.000666,0.677781,0.000452
прогиб,0.000666,2.0,0.001332
программа,0.002665,0.408935,0.00109
проект,0.000666,0.055517,3.7e-05
произойти,0.000666,0.346787,0.000231
проработка,0.000666,1.39794,0.000931
просмотр,0.000666,0.031517,2.1e-05
пространство,0.000666,0.022276,1.5e-05
противник,0.000666,0.619789,0.000413
противный,0.000666,1.0,0.000666
профессиональный,0.001332,0.769551,0.001025
проход,0.000666,0.958607,0.000639
пурорэс,0.000666,2.0,0.001332
пытаться,0.000666,0.585027,0.00039
пятка,0.000666,1.69897,0.001132
работа,0.001999,0.21467,0.000429
развивать,0.000666,1.0,0.000666
развиваться,0.001999,0.886057,0.001771
развитие,0.000666,0.30103,0.000201
раздел,0.000666,0.366532,0.000244
различный,0.000666,0.30103,0.000201
разработчик,0.000666,0.031517,2.1e-05
разрешаться,0.001332,1.30103,0.001734
разрешить,0.000666,0.619789,0.000413
разучивание,0.000666,2.0,0.001332
распределение,0.000666,1.221849,0.000814
распространить,0.000666,0.619789,0.000413
рассмотрение,0.000666,0.886057,0.00059
регби,0.000666,1.522879,0.001015
региональный,0.000666,0.79588,0.00053
ред,0.001999,0.455932,0.000911
рекомендовать,0.000666,0.958607,0.000639
рекомендоваться,0.001332,0.958607,0.001277
рекорд,0.000666,0.920819,0.000613
реслинг,0.000666,2.0,0.001332
рестлинг,0.000666,2.0,0.001332
рим,0.000666,0.721246,0.000481
римский,0.004664,0.60206,0.002808
рисако,0.000666,2.0,0.001332
риск,0.000666,1.154902,0.000769
рискнуть,0.000666,2.0,0.001332
рихтгоф,0.000666,2.0,0.001332
роль,0.000666,0.356547,0.000238
рондата,0.000666,2.0,0.001332
российский,0.000666,0.173925,0.000116
россия,0.003997,0.200659,0.000802
рука,0.001999,0.638272,0.001276
русский,0.000666,0.017729,1.2e-05
садулай,0.000666,2.0,0.001332
саис,0.000666,2.0,0.001332
сайтий,0.000666,2.0,0.001332
сакамото,0.000666,2.0,0.001332
сальто,0.001332,2.0,0.002665
самбо,0.001332,1.39794,0.001863
самостраховка,0.000666,2.0,0.001332
самый,0.001332,0.259637,0.000346
сан,0.001332,0.886057,0.001181
сближение,0.000666,1.221849,0.000814
сборная,0.000666,1.30103,0.000867
свободный,0.001332,0.026872,3.6e-05
свой,0.001332,0.045757,6.1e-05
связаться,0.000666,0.017729,1.2e-05
сента,0.000666,1.0,0.000666
сергей,0.000666,0.537602,0.000358
серебро,0.000666,1.154902,0.000769
сила,0.001999,0.29243,0.000584
симметричный,0.000666,1.09691,0.000731
система,0.001332,0.251812,0.000336
скачать,0.000666,0.040959,2.7e-05
скопье,0.000666,2.0,0.001332
славянский,0.000666,1.0,0.000666
следующий,0.001999,0.29243,0.000584
случай,0.001332,0.017729,2.4e-05
смешанный,0.000666,1.39794,0.000931
смит,0.000666,0.744727,0.000496
снаряд,0.000666,1.30103,0.000867
собрание,0.000666,0.568636,0.000379
собраться,0.000666,1.30103,0.000867
собственно,0.000666,1.045757,0.000697
событияпожертвовать,0.000666,0.031517,2.1e-05
советский,0.004664,0.346787,0.001617
современный,0.000666,0.259637,0.000173
согласиться,0.000666,0.920819,0.000613
содержание,0.000666,0.040959,2.7e-05
создать,0.001999,0.19382,0.000387
сообщить,0.000666,0.008774,6e-06
соперник,0.003331,1.221849,0.00407
соревнование,0.001999,1.0,0.001999
сослан,0.000666,2.0,0.001332
состав,0.000666,0.346787,0.000231
состояться,0.000666,0.481486,0.000321
состязание,0.000666,1.39794,0.000931
сосуд,0.000666,1.69897,0.001132
софия,0.00533,1.39794,0.007451
сохранение,0.000666,0.026872,1.8e-05
союз,0.001332,0.29243,0.00039
специальный,0.000666,0.366532,0.000244
специфика,0.001999,1.522879,0.003044
специфический,0.000666,1.154902,0.000769
спина,0.001332,1.69897,0.002264
список,0.003331,0.30103,0.001003
спорт,0.003331,0.508638,0.001694
спортивный,0.002665,0.769551,0.002051
спортсмен,0.003997,0.958607,0.003832
среда,0.000666,0.508638,0.000339
срыв,0.000666,2.0,0.001332
ссирый,0.000666,2.0,0.001332
ссср,0.003331,0.431798,0.001438
ссылка,0.003997,0.022276,8.9e-05
ссылкасведение,0.000666,0.040959,2.7e-05
ставерна,0.000666,2.0,0.001332
стамбул,0.002665,1.0,0.002665
становой,0.000666,1.69897,0.001132
старина,0.000666,1.522879,0.001015
статистика,0.000666,0.026872,1.8e-05
стать,0.001999,0.070581,0.000141
статьислучайный,0.000666,0.031517,2.1e-05
статья,0.002665,0.055517,0.000148
статьяобсуждение,0.000666,0.05061,3.4e-05
статьятекущий,0.000666,0.031517,2.1e-05
стб,0.001332,1.522879,0.002029
стенка,0.000666,1.69897,0.001132
стиль,0.005996,0.522879,0.003135
стойка,0.001999,1.39794,0.002794
стокгольм,0.003331,1.154902,0.003847
столкновение,0.000666,0.69897,0.000466
стоя,0.000666,2.0,0.001332
страна,0.003997,0.113509,0.000454
страница,0.001999,0.013228,2.6e-05
страницецитировать,0.000666,0.065502,4.4e-05
страницуполучить,0.000666,0.065502,4.4e-05
страницыпостоять,0.000666,0.045757,3e-05
страницысправка,0.000666,0.031517,2.1e-05
студенческий,0.000666,0.958607,0.000639
султан,0.000666,0.920819,0.000613
сумо,0.000666,2.0,0.001332
сустав,0.001332,2.0,0.002665
схватка,0.001332,1.522879,0.002029
сходный,0.000666,1.522879,0.001015
сходу,0.000666,2.0,0.001332
считать,0.000666,0.420216,0.00028
считаться,0.000666,0.387216,0.000258
сша,0.004664,0.251812,0.001174
сюдасвязанный,0.000666,0.031517,2.1e-05
такад,0.000666,2.0,0.001332
также,0.002665,0.022276,5.9e-05
тактика,0.000666,1.045757,0.000697
там,0.000666,1.045757,0.000697
тампере,0.001332,2.0,0.002665
тандем,0.000666,2.0,0.001332
тартыш,0.000666,2.0,0.001332
таха,0.000666,1.69897,0.001132
ташкент,0.000666,1.522879,0.001015
тегеран,0.003997,1.221849,0.004884
тедиашвили,0.000666,2.0,0.001332
текст,0.000666,0.004365,3e-06
текущий,0.001332,0.275724,0.000367
тема,0.000666,0.443697,0.000296
техника,0.001332,0.721246,0.000961
технический,0.000666,0.431798,0.000288
титуловать,0.001332,1.522879,0.002029
товарный,0.000666,0.040959,2.7e-05
токио,0.002665,1.0,0.002665
толидо,0.002665,2.0,0.00533
торонто,0.000666,1.30103,0.000867
точка,0.000666,0.346787,0.000231
травма,0.001332,1.522879,0.002029
требовать,0.001332,0.29243,0.00039
тренировка,0.001999,2.0,0.003997
тренировочный,0.000666,1.69897,0.001132
третий,0.000666,0.309804,0.000206
трёхкратный,0.000666,1.221849,0.000814
туловище,0.000666,1.69897,0.001132
турнир,0.001332,1.69897,0.002264
турция,0.000666,0.657577,0.000438
тхэквондо,0.000666,2.0,0.001332
тщательный,0.000666,1.522879,0.001015
тяга,0.000666,2.0,0.001332
тяжесть,0.000666,1.69897,0.001132
тяжёлый,0.000666,0.769551,0.000513
убрать,0.000666,1.09691,0.000731
угроза,0.000666,0.568636,0.000379
удалённый,0.000666,0.853872,0.000569
уделяться,0.000666,1.522879,0.001015
указание,0.000666,0.036212,2.4e-05
указать,0.000666,0.142668,9.5e-05
украина,0.000666,0.420216,0.00028
улак,0.000666,2.0,0.001332
университет,0.000666,0.408935,0.000272
упор,0.000666,2.0,0.001332
упражнение,0.001332,1.69897,0.002264
уранго,0.000666,2.0,0.001332
условие,0.001999,0.008774,1.8e-05
установить,0.000666,0.30103,0.000201
ухо,0.000666,1.69897,0.001132
участвовать,0.000666,0.619789,0.000413
участие,0.001999,0.013228,2.6e-05
участник,0.001999,0.19382,0.000387
учебный,0.000666,0.721246,0.000481
учётный,0.000666,0.026872,1.8e-05
уэтакэ,0.000666,2.0,0.001332
фадзаесть,0.000666,2.0,0.001332
фактор,0.000666,0.769551,0.000513
февраль,0.000666,0.142668,9.5e-05
федерация,0.004664,0.376751,0.001757
феррана,0.001999,2.0,0.003997
фил,0.001332,2.0,0.002665
финляндия,0.000666,0.823909,0.000549
финляндский,0.000666,1.30103,0.000867
фляк,0.000666,2.0,0.001332
фонд,0.000666,0.026872,1.8e-05
форма,0.000666,0.346787,0.000231
франкфурт,0.000666,1.30103,0.000867
франция,0.000666,0.356547,0.000238
французский,0.001332,0.327902,0.000437
хабел,0.000666,2.0,0.001332
хадарцев,0.000666,2.0,0.001332
хаджимурат,0.000666,2.0,0.001332
халкида,0.000666,2.0,0.001332
хапсагай,0.000666,2.0,0.001332
характеризоваться,0.001332,1.09691,0.001462
хельсингборг,0.000666,2.0,0.001332
хельсинки,0.001999,1.154902,0.002308
хернинга,0.000666,2.0,0.001332
хитомь,0.000666,2.0,0.001332
хождение,0.000666,2.0,0.001332
хозяин,0.000666,1.30103,0.000867
хуреш,0.000666,2.0,0.001332
хъазт,0.000666,2.0,0.001332
царский,0.000666,1.09691,0.000731
целое,0.000666,0.552842,0.000368
центр,0.000666,0.337242,0.000225
цимакуридзе,0.000666,2.0,0.001332
чемпион,0.02465,0.886057,0.021842
чемпионат,0.004664,1.0,0.004664
чемпионка,0.003997,1.154902,0.004617
чехия,0.000666,1.09691,0.000731
чидаоб,0.000666,2.0,0.001332
читатьтекущий,0.000666,0.408935,0.000272
чучело,0.000666,2.0,0.001332
шанс,0.000666,1.154902,0.000769
швеция,0.001999,0.886057,0.001771
швинген,0.000666,2.0,0.001332
шмидт,0.001332,1.522879,0.002029
штанга,0.000666,2.0,0.001332
шут,0.000666,2.0,0.001332
щит,0.000666,1.522879,0.001015
эдмонтон,0.001999,1.522879,0.003044
экзотическиев,0.000666,2.0,0.001332
экипировка,0.000666,2.0,0.001332
экспорт,0.000666,0.022276,1.5e-05
эластичный,0.000666,2.0,0.001332
элемент,0.001332,0.568636,0.000758
эниша,0.000666,2.0,0.001332
энциклопедия,0.004664,0.036212,0.000169
эстония,0.000666,0.823909,0.000549
это,0.001999,0.060481,0.000121
этот,0.001332,0.017729,2.4e-05
юдзь,0.000666,2.0,0.001332
юмина,0.000666,2.0,0.001332
юхан,0.000666,2.0,0.001332
являться,0.00533,0.130768,0.000697
язык,0.001999,0.017729,3.5e-05
январь,0.000666,0.091515,6.1e-05
ярыгин,0.000666,2.0,0.001332
яёи,0.000666,2.0,0.001332
ёдзиро,0.000666,2.0,0.001332
